Bus Number,Bus Name,Base kV,Area,Zone,Voltage (pu),Potential Mnemonic,Category
661944,SNLSLV,0.415,TNB         ,P PINANG    ,1.0024,SNLSLV,Potentially Linkable
88501,KULNSVC1,6.7,TNB         ,WPKL        ,0.9370,KULNSVC,Potentially Linkable
19909,,10.5,SPPG        ,SPPG        ,1.0000,,Empty Name
19910,,10.5,SPPG        ,SPPG        ,1.0000,,Empty Name
59034,SRDGGT4,10.5,TNB         ,WPKL        ,1.0220,SRDGGT,Generator Terminal
59035,SRDGGT5,10.5,TNB         ,WPKL        ,1.0220,SRDGGT,Generator Terminal
12555,,11.0,SPPG        ,SPPG        ,1.0009,,Empty Name
19911,,11.0,SPPG        ,SPPG        ,0.9964,,Empty Name
19912,,11.0,SPPG        ,SPPG        ,0.9964,,Empty Name
19913,,11.0,SPPG        ,SPPG        ,1.0000,,Empty Name
19914,,11.0,SPPG        ,SPPG        ,0.9952,,Empty Name
62906,GLGRST1,11.0,TNB         ,P PINANG    ,1.0360,GLGRST,Generator Terminal
9300,NURGT1A,11.0,TNB         ,KEDAH       ,1.0247,NURGT,Generator Terminal
9301,NURGT1B,11.0,TNB         ,KEDAH       ,1.0247,NURGT,Generator Terminal
9303,NURGT2A,11.0,TNB         ,KEDAH       ,1.0247,NURGT,Generator Terminal
9304,NURGT2B,11.0,TNB         ,KEDAH       ,1.0247,NURGT,Generator Terminal
9302,NURST1C,11.0,TNB         ,KEDAH       ,1.0247,NURST,Generator Terminal
9305,NURST2C,11.0,TNB         ,KEDAH       ,1.0247,NURST,Generator Terminal
19988,,11.5,SPPG        ,SPPG        ,1.0011,,Empty Name
19989,,11.5,SPPG        ,SPPG        ,1.0011,,Empty Name
19998,,11.5,SPPG        ,SPPG        ,1.0350,,Empty Name
19999,,11.5,SPPG        ,SPPG        ,1.0350,,Empty Name
62904,GLGRGT1,11.5,TNB         ,P PINANG    ,1.0360,GLGRGT,Generator Terminal
559043,JEP1AUX,11.55,TNB         ,NS          ,0.9841,JEP,Potentially Linkable
559044,JEP2AUX,11.55,TNB         ,NS          ,1.0177,JEP,Potentially Linkable
19901,,13.2,SPPG        ,SPPG        ,1.0000,,Empty Name
19902,,13.2,SPPG        ,SPPG        ,0.9911,,Empty Name
19903,,13.2,SPPG        ,SPPG        ,0.9985,,Empty Name
62905,GLGRGT2,15.0,TNB         ,P PINANG    ,1.0360,GLGRGT,Generator Terminal
59029,NCBPGT1,15.0,TNB         ,SELANGOR    ,1.0250,NCBPGT,Generator Terminal
96918,TJGSGT1A,15.0,TNB         ,NS          ,1.0270,TJGSGT,Generator Terminal
96919,TJGSGT1B,15.0,TNB         ,NS          ,1.0270,TJGSGT,Generator Terminal
96920,TJGSST1C,15.0,TNB         ,NS          ,1.0198,TJGSST,Generator Terminal
59001,KLPPGT13,15.75,TNB         ,SELANGOR    ,1.0173,KLPPGT,Generator Terminal
59002,KLPPGT14,15.75,TNB         ,SELANGOR    ,1.0124,KLPPGT,Generator Terminal
59003,KLPPGT15,15.75,TNB         ,SELANGOR    ,1.0124,KLPPGT,Generator Terminal
97975,PCGPST31,15.75,TNB         ,JOHOR       ,1.0116,PCGPST,Generator Terminal
96934,PGLAGT11,15.75,TNB         ,MELAKA      ,1.0312,PGLAGT,Generator Terminal
96935,PGLAGT12,15.75,TNB         ,MELAKA      ,1.0312,PGLAGT,Generator Terminal
96936,PGLAST10,15.75,TNB         ,MELAKA      ,1.0312,PGLAST,Generator Terminal
61901,PLPSGT11,15.75,TNB         ,PERLIS      ,1.0261,PLPSGT,Generator Terminal
61902,PLPSGT12,15.75,TNB         ,PERLIS      ,1.0261,PLPSGT,Generator Terminal
61903,PLPSGT13,15.75,TNB         ,PERLIS      ,1.0305,PLPSGT,Generator Terminal
96915,TJGSGT2A,15.75,TNB         ,NS          ,1.0266,TJGSGT,Generator Terminal
96916,TJGSGT2B,15.75,TNB         ,NS          ,1.0307,TJGSGT,Generator Terminal
96917,TJGSST2C,15.75,TNB         ,NS          ,1.0301,TJGSST,Generator Terminal
63926,SGRIGT11,15.8,TNB         ,PERAK       ,1.0235,SGRIGT,Generator Terminal
63927,SGRIGT12,15.8,TNB         ,PERAK       ,1.0075,SGRIGT,Generator Terminal
63928,SGRIGT13,15.8,TNB         ,PERAK       ,1.0154,SGRIGT,Generator Terminal
63930,SGRIGT21,15.8,TNB         ,PERAK       ,1.0073,SGRIGT,Generator Terminal
63931,SGRIGT22,15.8,TNB         ,PERAK       ,1.0058,SGRIGT,Generator Terminal
63932,SGRIGT23,15.8,TNB         ,PERAK       ,1.0058,SGRIGT,Generator Terminal
63929,SGRIST14,15.8,TNB         ,PERAK       ,1.0128,SGRIST,Generator Terminal
63933,SGRIST24,15.8,TNB         ,PERAK       ,1.0098,SGRIST,Generator Terminal
19915,,16.0,SPPG        ,SPPG        ,1.0000,,Empty Name
19918,,16.0,SPPG        ,SPPG        ,0.9976,,Empty Name
19920,,16.0,SPPG        ,SPPG        ,0.9976,,Empty Name
59004,KLPPST17,16.0,TNB         ,SELANGOR    ,1.0110,KLPPST,Generator Terminal
19971,,17.0,SPPG        ,SPPG        ,1.0036,,Empty Name
19972,,17.0,SPPG        ,SPPG        ,1.0033,,Empty Name
19973,,17.0,SPPG        ,SPPG        ,1.0032,,Empty Name
19919,,18.0,SPPG        ,SPPG        ,0.9946,,Empty Name
19921,,18.0,SPPG        ,SPPG        ,0.9947,,Empty Name
19916,,19.0,SPPG        ,SPPG        ,0.9822,,Empty Name
19917,,19.0,SPPG        ,SPPG        ,0.9954,,Empty Name
19951,,19.0,SPPG        ,SPPG        ,0.9966,,Empty Name
19952,,19.0,SPPG        ,SPPG        ,0.9966,,Empty Name
19953,,19.0,SPPG        ,SPPG        ,0.9933,,Empty Name
61904,PLPSST18,19.0,TNB         ,PERLIS      ,1.0305,PLPSST,Generator Terminal
62921,SKSPGT1,19.0,TNB         ,P PINANG    ,1.0127,SKSPGT,Generator Terminal
19825,,20.0,SPPG        ,SPPG        ,0.9885,,Empty Name
97976,PCGPST32,20.0,TNB         ,JOHOR       ,1.0167,PCGPST,Generator Terminal
19947,,21.0,SPPG        ,SPPG        ,1.0156,,Empty Name
19961,,21.0,SPPG        ,SPPG        ,1.0043,,Empty Name
19962,,21.0,SPPG        ,SPPG        ,1.0043,,Empty Name
19965,,21.0,SPPG        ,SPPG        ,1.0041,,Empty Name
62902,PRAIGT1,21.0,TNB         ,P PINANG    ,1.0346,PRAIGT,Generator Terminal
62903,PRAIGT2,21.0,TNB         ,P PINANG    ,1.0346,PRAIGT,Generator Terminal
2011,,22.0,SPPG        ,SPPG        ,1.0258,,Empty Name
2013,,22.0,SPPG        ,SPPG        ,1.0257,,Empty Name
2014,,22.0,SPPG        ,SPPG        ,1.0256,,Empty Name
2025,,22.0,SPPG        ,SPPG        ,1.0035,,Empty Name
2033,,22.0,SPPG        ,SPPG        ,0.9974,,Empty Name
2041,,22.0,SPPG        ,SPPG        ,0.9836,,Empty Name
2042,,22.0,SPPG        ,SPPG        ,1.0000,,Empty Name
2051,,22.0,SPPG        ,SPPG        ,1.0368,,Empty Name
2052,,22.0,SPPG        ,SPPG        ,1.0376,,Empty Name
2053,,22.0,SPPG        ,SPPG        ,1.0375,,Empty Name
2054,,22.0,SPPG        ,SPPG        ,1.0378,,Empty Name
2061,,22.0,SPPG        ,SPPG        ,1.0125,,Empty Name
2062,,22.0,SPPG        ,SPPG        ,1.0125,,Empty Name
2063,,22.0,SPPG        ,SPPG        ,1.0132,,Empty Name
2064,,22.0,SPPG        ,SPPG        ,1.0131,,Empty Name
2071,,22.0,SPPG        ,SPPG        ,1.0037,,Empty Name
2072,,22.0,SPPG        ,SPPG        ,1.0449,,Empty Name
2073,,22.0,SPPG        ,SPPG        ,1.0450,,Empty Name
2074,,22.0,SPPG        ,SPPG        ,1.0025,,Empty Name
2078,,22.0,SPPG        ,SPPG        ,1.0000,,Empty Name
2081,,22.0,SPPG        ,SPPG        ,0.9966,,Empty Name
2082,,22.0,SPPG        ,SPPG        ,0.9966,,Empty Name
2083,,22.0,SPPG        ,SPPG        ,0.9966,,Empty Name
2084,,22.0,SPPG        ,SPPG        ,0.9967,,Empty Name
2085,,22.0,SPPG        ,SPPG        ,0.9967,,Empty Name
2101,,22.0,SPPG        ,SPPG        ,0.9953,,Empty Name
2102,,22.0,SPPG        ,SPPG        ,0.9953,,Empty Name
2103,,22.0,SPPG        ,SPPG        ,0.9967,,Empty Name
2104,,22.0,SPPG        ,SPPG        ,1.0129,,Empty Name
2105,,22.0,SPPG        ,SPPG        ,0.9953,,Empty Name
2111,,22.0,SPPG        ,SPPG        ,1.0092,,Empty Name
2112,,22.0,SPPG        ,SPPG        ,1.0092,,Empty Name
2113,,22.0,SPPG        ,SPPG        ,1.0092,,Empty Name
2114,,22.0,SPPG        ,SPPG        ,1.0092,,Empty Name
2121,,22.0,SPPG        ,SPPG        ,1.0305,,Empty Name
2122,,22.0,SPPG        ,SPPG        ,1.0307,,Empty Name
2123,,22.0,SPPG        ,SPPG        ,1.0309,,Empty Name
2124,,22.0,SPPG        ,SPPG        ,1.0000,,Empty Name
2141,,22.0,SPPG        ,SPPG        ,1.0051,,Empty Name
2142,,22.0,SPPG        ,SPPG        ,1.0051,,Empty Name
2143,,22.0,SPPG        ,SPPG        ,1.0051,,Empty Name
2144,,22.0,SPPG        ,SPPG        ,1.0051,,Empty Name
2145,,22.0,SPPG        ,SPPG        ,1.0049,,Empty Name
2146,,22.0,SPPG        ,SPPG        ,1.0778,,Empty Name
2161,,22.0,SPPG        ,SPPG        ,0.9908,,Empty Name
2162,,22.0,SPPG        ,SPPG        ,0.9908,,Empty Name
2163,,22.0,SPPG        ,SPPG        ,0.9908,,Empty Name
2164,,22.0,SPPG        ,SPPG        ,0.9895,,Empty Name
2171,,22.0,SPPG        ,SPPG        ,1.0096,,Empty Name
2172,,22.0,SPPG        ,SPPG        ,1.0096,,Empty Name
2173,,22.0,SPPG        ,SPPG        ,1.0096,,Empty Name
2174,,22.0,SPPG        ,SPPG        ,1.0598,,Empty Name
2181,,22.0,SPPG        ,SPPG        ,0.9980,,Empty Name
2182,,22.0,SPPG        ,SPPG        ,1.0226,,Empty Name
2183,,22.0,SPPG        ,SPPG        ,0.9980,,Empty Name
2184,,22.0,SPPG        ,SPPG        ,0.9980,,Empty Name
2201,,22.0,SPPG        ,SPPG        ,1.0230,,Empty Name
2202,,22.0,SPPG        ,SPPG        ,1.0230,,Empty Name
2203,,22.0,SPPG        ,SPPG        ,1.0230,,Empty Name
2211,,22.0,SPPG        ,SPPG        ,1.0024,,Empty Name
2212,,22.0,SPPG        ,SPPG        ,1.0024,,Empty Name
2213,,22.0,SPPG        ,SPPG        ,1.0024,,Empty Name
2214,,22.0,SPPG        ,SPPG        ,1.0432,,Empty Name
2221,,22.0,SPPG        ,SPPG        ,1.0580,,Empty Name
2222,,22.0,SPPG        ,SPPG        ,1.0580,,Empty Name
2223,,22.0,SPPG        ,SPPG        ,1.0580,,Empty Name
2224,,22.0,SPPG        ,SPPG        ,1.0596,,Empty Name
2225,,22.0,SPPG        ,SPPG        ,1.0578,,Empty Name
2251,,22.0,SPPG        ,SPPG        ,0.9887,,Empty Name
2252,,22.0,SPPG        ,SPPG        ,0.9887,,Empty Name
2253,,22.0,SPPG        ,SPPG        ,0.9888,,Empty Name
2261,,22.0,SPPG        ,SPPG        ,1.0279,,Empty Name
2262,,22.0,SPPG        ,SPPG        ,1.0282,,Empty Name
2263,,22.0,SPPG        ,SPPG        ,1.0283,,Empty Name
2301,,22.0,SPPG        ,SPPG        ,1.0130,,Empty Name
2302,,22.0,SPPG        ,SPPG        ,1.0130,,Empty Name
2303,,22.0,SPPG        ,SPPG        ,1.0130,,Empty Name
3021,,22.0,SPPG        ,SPPG        ,1.0221,,Empty Name
3022,,22.0,SPPG        ,SPPG        ,1.0220,,Empty Name
3023,,22.0,SPPG        ,SPPG        ,1.0221,,Empty Name
3024,,22.0,SPPG        ,SPPG        ,1.0221,,Empty Name
3031,,22.0,SPPG        ,SPPG        ,1.0220,,Empty Name
3032,,22.0,SPPG        ,SPPG        ,1.0220,,Empty Name
3034,,22.0,SPPG        ,SPPG        ,1.0220,,Empty Name
3115,,22.0,SPPG        ,SPPG        ,1.0593,,Empty Name
3131,,22.0,SPPG        ,SPPG        ,1.0851,,Empty Name
3132,,22.0,SPPG        ,SPPG        ,0.9922,,Empty Name
3133,,22.0,SPPG        ,SPPG        ,1.0851,,Empty Name
3134,,22.0,SPPG        ,SPPG        ,1.0000,,Empty Name
3211,,22.0,SPPG        ,SPPG        ,0.9857,,Empty Name
3212,,22.0,SPPG        ,SPPG        ,0.9857,,Empty Name
3217,,22.0,SPPG        ,SPPG        ,0.9984,,Empty Name
3218,,22.0,SPPG        ,SPPG        ,0.9984,,Empty Name
6075,,22.0,SPPG        ,SPPG        ,0.9884,,Empty Name
7076,,22.0,SPPG        ,SPPG        ,1.0182,,Empty Name
7077,,22.0,SPPG        ,SPPG        ,1.0182,,Empty Name
11501,,22.0,SPPG        ,SPPG        ,0.9890,,Empty Name
11502,,22.0,SPPG        ,SPPG        ,0.9952,,Empty Name
19954,,22.0,SPPG        ,SPPG        ,0.9916,,Empty Name
19955,,22.0,SPPG        ,SPPG        ,0.9916,,Empty Name
97971,PCGPGT11,22.0,TNB         ,JOHOR       ,1.0116,PCGPGT,Generator Terminal
97972,PCGPGT12,22.0,TNB         ,JOHOR       ,1.0184,PCGPGT,Generator Terminal
97973,PCGPGT21,22.0,TNB         ,JOHOR       ,1.0188,PCGPGT,Generator Terminal
97974,PCGPGT22,22.0,TNB         ,JOHOR       ,1.0116,PCGPGT,Generator Terminal
19933,,23.0,SPPG        ,SPPG        ,1.0143,,Empty Name
19934,,23.0,SPPG        ,SPPG        ,1.0144,,Empty Name
19935,,23.0,SPPG        ,SPPG        ,1.0326,,Empty Name
19936,,23.0,SPPG        ,SPPG        ,1.0326,,Empty Name
19943,,23.0,SPPG        ,SPPG        ,1.0140,,Empty Name
19944,,23.0,SPPG        ,SPPG        ,1.0140,,Empty Name
19945,,23.0,SPPG        ,SPPG        ,1.0147,,Empty Name
19946,,23.0,SPPG        ,SPPG        ,1.0147,,Empty Name
96921,EMPP_GT1,24.0,TNB         ,MELAKA      ,1.0223,EMPP,Generator Terminal
96922,EMPP_GT2,24.0,TNB         ,MELAKA      ,1.0298,EMPP,Generator Terminal
96923,EMPP_GT3,24.0,TNB         ,MELAKA      ,1.0223,EMPP,Generator Terminal
97937,SPGP_GT1,24.0,TNB         ,JOHOR       ,1.0243,SPGP,Generator Terminal
97938,SPGP_GT2,24.0,TNB         ,JOHOR       ,1.0243,SPGP,Generator Terminal
561954,CGPP_KKTL,33.0,TNB         ,KEDAH       ,1.0282,CGPP,Potentially Linkable
62910,GRNPV33,33.0,TNB         ,P PINANG    ,1.0284,GRNPV,Potentially Linkable
61915,GRNPV33B,33.0,TNB         ,P PINANG    ,1.0290,GRNPV,Potentially Linkable
61913,GRNPV33R,33.0,TNB         ,P PINANG    ,1.0290,GRNPV,Potentially Linkable
96396,JSNPV33,33.0,TNB         ,MELAKA      ,1.0168,JSNPV,Potentially Linkable
96867,JSNPV33R,33.0,TNB         ,MELAKA      ,1.0168,JSNPV,Potentially Linkable
4051,,66.0,SPPG        ,SPPG        ,1.0082,,Empty Name
4052,,66.0,SPPG        ,SPPG        ,1.0082,,Empty Name
4053,,66.0,SPPG        ,SPPG        ,1.0082,,Empty Name
4054,,66.0,SPPG        ,SPPG        ,1.0112,,Empty Name
4081,,66.0,SPPG        ,SPPG        ,1.0167,,Empty Name
4082,,66.0,SPPG        ,SPPG        ,1.0168,,Empty Name
4083,,66.0,SPPG        ,SPPG        ,1.0167,,Empty Name
4084,,66.0,SPPG        ,SPPG        ,1.0168,,Empty Name
4101,,66.0,SPPG        ,SPPG        ,1.0021,,Empty Name
4102,,66.0,SPPG        ,SPPG        ,1.0021,,Empty Name
4103,,66.0,SPPG        ,SPPG        ,1.0021,,Empty Name
4104,,66.0,SPPG        ,SPPG        ,0.9991,,Empty Name
4131,,66.0,SPPG        ,SPPG        ,0.9979,,Empty Name
4132,,66.0,SPPG        ,SPPG        ,0.9979,,Empty Name
4161,,66.0,SPPG        ,SPPG        ,1.0071,,Empty Name
4162,,66.0,SPPG        ,SPPG        ,1.0071,,Empty Name
4163,,66.0,SPPG        ,SPPG        ,1.0071,,Empty Name
4164,,66.0,SPPG        ,SPPG        ,1.0126,,Empty Name
4301,,66.0,SPPG        ,SPPG        ,0.9944,,Empty Name
4302,,66.0,SPPG        ,SPPG        ,0.9942,,Empty Name
4303,,66.0,SPPG        ,SPPG        ,0.9946,,Empty Name
4304,,66.0,SPPG        ,SPPG        ,0.9944,,Empty Name
4321,,66.0,SPPG        ,SPPG        ,1.0114,,Empty Name
4322,,66.0,SPPG        ,SPPG        ,1.0113,,Empty Name
4323,,66.0,SPPG        ,SPPG        ,1.0114,,Empty Name
4324,,66.0,SPPG        ,SPPG        ,1.0132,,Empty Name
8012,,66.0,SPPG        ,SPPG        ,0.9868,,Empty Name
8014,,66.0,SPPG        ,SPPG        ,0.9868,,Empty Name
8031,,66.0,SPPG        ,SPPG        ,1.0030,,Empty Name
8032,,66.0,SPPG        ,SPPG        ,1.0044,,Empty Name
8033,,66.0,SPPG        ,SPPG        ,1.0083,,Empty Name
8034,,66.0,SPPG        ,SPPG        ,1.0083,,Empty Name
8051,,66.0,SPPG        ,SPPG        ,1.0000,,Empty Name
8053,,66.0,SPPG        ,SPPG        ,1.0000,,Empty Name
8054,,66.0,SPPG        ,SPPG        ,1.0000,,Empty Name
8111,,66.0,SPPG        ,SPPG        ,1.0093,,Empty Name
8171,,66.0,SPPG        ,SPPG        ,1.0094,,Empty Name
8301,,66.0,SPPG        ,SPPG        ,0.9889,,Empty Name
8302,,66.0,SPPG        ,SPPG        ,0.9867,,Empty Name
8303,,66.0,SPPG        ,SPPG        ,0.9931,,Empty Name
8304,,66.0,SPPG        ,SPPG        ,0.9931,,Empty Name
9053,,66.0,SPPG        ,SPPG        ,0.9965,,Empty Name
9054,,66.0,SPPG        ,SPPG        ,0.9965,,Empty Name
10101,,66.0,SPPG        ,SPPG        ,0.9880,,Empty Name
10102,,66.0,SPPG        ,SPPG        ,0.9763,,Empty Name
10104,,66.0,SPPG        ,SPPG        ,0.9779,,Empty Name
10107,,66.0,SPPG        ,SPPG        ,0.9878,,Empty Name
10109,,66.0,SPPG        ,SPPG        ,0.9744,,Empty Name
10111,,66.0,SPPG        ,SPPG        ,0.9752,,Empty Name
10112,,66.0,SPPG        ,SPPG        ,0.9865,,Empty Name
10201,,66.0,SPPG        ,SPPG        ,1.0056,,Empty Name
10202,,66.0,SPPG        ,SPPG        ,0.9994,,Empty Name
10204,,66.0,SPPG        ,SPPG        ,1.0044,,Empty Name
10205,,66.0,SPPG        ,SPPG        ,1.0027,,Empty Name
10206,,66.0,SPPG        ,SPPG        ,1.0027,,Empty Name
10209,,66.0,SPPG        ,SPPG        ,1.0045,,Empty Name
10210,,66.0,SPPG        ,SPPG        ,1.0048,,Empty Name
10212,,66.0,SPPG        ,SPPG        ,1.0028,,Empty Name
10213,,66.0,SPPG        ,SPPG        ,1.0035,,Empty Name
10214,,66.0,SPPG        ,SPPG        ,1.0028,,Empty Name
10301,,66.0,SPPG        ,SPPG        ,1.0057,,Empty Name
10302,,66.0,SPPG        ,SPPG        ,1.0058,,Empty Name
10303,,66.0,SPPG        ,SPPG        ,1.0049,,Empty Name
10307,,66.0,SPPG        ,SPPG        ,1.0044,,Empty Name
10308,,66.0,SPPG        ,SPPG        ,1.0057,,Empty Name
10310,,66.0,SPPG        ,SPPG        ,1.0038,,Empty Name
10316,,66.0,SPPG        ,SPPG        ,1.0036,,Empty Name
10317,,66.0,SPPG        ,SPPG        ,1.0051,,Empty Name
10318,,66.0,SPPG        ,SPPG        ,1.0052,,Empty Name
10319,,66.0,SPPG        ,SPPG        ,1.0052,,Empty Name
10501,,66.0,SPPG        ,SPPG        ,0.9947,,Empty Name
10502,,66.0,SPPG        ,SPPG        ,0.9928,,Empty Name
10504,,66.0,SPPG        ,SPPG        ,0.9935,,Empty Name
10505,,66.0,SPPG        ,SPPG        ,0.9937,,Empty Name
10510,,66.0,SPPG        ,SPPG        ,0.9931,,Empty Name
10512,,66.0,SPPG        ,SPPG        ,0.9921,,Empty Name
10513,,66.0,SPPG        ,SPPG        ,0.9940,,Empty Name
10601,,66.0,SPPG        ,SPPG        ,0.9993,,Empty Name
10602,,66.0,SPPG        ,SPPG        ,0.9979,,Empty Name
10605,,66.0,SPPG        ,SPPG        ,0.9974,,Empty Name
10606,,66.0,SPPG        ,SPPG        ,0.9974,,Empty Name
10608,,66.0,SPPG        ,SPPG        ,0.9990,,Empty Name
10609,,66.0,SPPG        ,SPPG        ,0.9981,,Empty Name
10610,,66.0,SPPG        ,SPPG        ,0.9947,,Empty Name
10611,,66.0,SPPG        ,SPPG        ,0.9947,,Empty Name
10701,,66.0,SPPG        ,SPPG        ,1.0051,,Empty Name
10703,,66.0,SPPG        ,SPPG        ,1.0046,,Empty Name
10706,,66.0,SPPG        ,SPPG        ,1.0043,,Empty Name
10707,,66.0,SPPG        ,SPPG        ,1.0021,,Empty Name
10712,,66.0,SPPG        ,SPPG        ,1.0028,,Empty Name
10713,,66.0,SPPG        ,SPPG        ,1.0023,,Empty Name
10714,,66.0,SPPG        ,SPPG        ,1.0022,,Empty Name
10715,,66.0,SPPG        ,SPPG        ,1.0000,,Empty Name
10801,,66.0,SPPG        ,SPPG        ,0.9985,,Empty Name
10803,,66.0,SPPG        ,SPPG        ,0.9974,,Empty Name
10807,,66.0,SPPG        ,SPPG        ,0.9975,,Empty Name
10808,,66.0,SPPG        ,SPPG        ,0.9965,,Empty Name
10810,,66.0,SPPG        ,SPPG        ,0.9976,,Empty Name
11001,,66.0,SPPG        ,SPPG        ,0.9969,,Empty Name
11011,,66.0,SPPG        ,SPPG        ,0.9944,,Empty Name
11015,,66.0,SPPG        ,SPPG        ,0.9954,,Empty Name
11101,,66.0,SPPG        ,SPPG        ,1.0108,,Empty Name
11102,,66.0,SPPG        ,SPPG        ,1.0100,,Empty Name
11103,,66.0,SPPG        ,SPPG        ,1.0097,,Empty Name
11104,,66.0,SPPG        ,SPPG        ,1.0087,,Empty Name
11105,,66.0,SPPG        ,SPPG        ,1.0107,,Empty Name
11109,,66.0,SPPG        ,SPPG        ,1.0089,,Empty Name
11201,,66.0,SPPG        ,SPPG        ,0.9942,,Empty Name
11202,,66.0,SPPG        ,SPPG        ,0.9927,,Empty Name
11203,,66.0,SPPG        ,SPPG        ,0.9927,,Empty Name
11204,,66.0,SPPG        ,SPPG        ,0.9928,,Empty Name
11205,,66.0,SPPG        ,SPPG        ,0.9939,,Empty Name
11206,,66.0,SPPG        ,SPPG        ,0.9922,,Empty Name
11218,,66.0,SPPG        ,SPPG        ,0.9896,,Empty Name
11301,,66.0,SPPG        ,SPPG        ,0.9968,,Empty Name
11304,,66.0,SPPG        ,SPPG        ,0.9947,,Empty Name
11305,,66.0,SPPG        ,SPPG        ,0.9930,,Empty Name
11308,,66.0,SPPG        ,SPPG        ,0.9957,,Empty Name
11309,,66.0,SPPG        ,SPPG        ,0.9945,,Empty Name
11310,,66.0,SPPG        ,SPPG        ,0.9960,,Empty Name
11313,,66.0,SPPG        ,SPPG        ,0.9944,,Empty Name
11314,,66.0,SPPG        ,SPPG        ,0.9944,,Empty Name
11315,,66.0,SPPG        ,SPPG        ,0.9947,,Empty Name
11401,,66.0,SPPG        ,SPPG        ,1.0078,,Empty Name
11403,,66.0,SPPG        ,SPPG        ,1.0068,,Empty Name
11404,,66.0,SPPG        ,SPPG        ,1.0024,,Empty Name
11405,,66.0,SPPG        ,SPPG        ,1.0044,,Empty Name
11406,,66.0,SPPG        ,SPPG        ,1.0046,,Empty Name
11407,,66.0,SPPG        ,SPPG        ,1.0030,,Empty Name
11408,,66.0,SPPG        ,SPPG        ,1.0022,,Empty Name
11409,,66.0,SPPG        ,SPPG        ,1.0057,,Empty Name
11411,,66.0,SPPG        ,SPPG        ,1.0032,,Empty Name
11413,,66.0,SPPG        ,SPPG        ,1.0076,,Empty Name
11414,,66.0,SPPG        ,SPPG        ,1.0066,,Empty Name
11415,,66.0,SPPG        ,SPPG        ,1.0042,,Empty Name
11416,,66.0,SPPG        ,SPPG        ,1.0077,,Empty Name
11417,,66.0,SPPG        ,SPPG        ,1.0000,,Empty Name
11601,,66.0,SPPG        ,SPPG        ,0.9929,,Empty Name
11602,,66.0,SPPG        ,SPPG        ,0.9884,,Empty Name
11603,,66.0,SPPG        ,SPPG        ,0.9878,,Empty Name
11604,,66.0,SPPG        ,SPPG        ,0.9898,,Empty Name
11605,,66.0,SPPG        ,SPPG        ,0.9912,,Empty Name
11606,,66.0,SPPG        ,SPPG        ,0.9898,,Empty Name
11607,,66.0,SPPG        ,SPPG        ,0.9897,,Empty Name
11608,,66.0,SPPG        ,SPPG        ,0.9910,,Empty Name
11609,,66.0,SPPG        ,SPPG        ,0.9913,,Empty Name
11610,,66.0,SPPG        ,SPPG        ,0.9912,,Empty Name
11611,,66.0,SPPG        ,SPPG        ,0.9888,,Empty Name
11612,,66.0,SPPG        ,SPPG        ,0.9897,,Empty Name
11613,,66.0,SPPG        ,SPPG        ,0.9912,,Empty Name
11614,,66.0,SPPG        ,SPPG        ,1.0000,,Empty Name
11701,,66.0,SPPG        ,SPPG        ,1.0109,,Empty Name
11702,,66.0,SPPG        ,SPPG        ,1.0105,,Empty Name
11703,,66.0,SPPG        ,SPPG        ,1.0105,,Empty Name
11704,,66.0,SPPG        ,SPPG        ,1.0089,,Empty Name
11705,,66.0,SPPG        ,SPPG        ,1.0084,,Empty Name
11706,,66.0,SPPG        ,SPPG        ,1.0093,,Empty Name
11709,,66.0,SPPG        ,SPPG        ,1.0088,,Empty Name
11710,,66.0,SPPG        ,SPPG        ,1.0105,,Empty Name
11801,,66.0,SPPG        ,SPPG        ,0.9994,,Empty Name
11802,,66.0,SPPG        ,SPPG        ,0.9984,,Empty Name
11803,,66.0,SPPG        ,SPPG        ,0.9978,,Empty Name
11804,,66.0,SPPG        ,SPPG        ,0.9983,,Empty Name
11806,,66.0,SPPG        ,SPPG        ,0.9973,,Empty Name
11808,,66.0,SPPG        ,SPPG        ,0.9990,,Empty Name
11811,,66.0,SPPG        ,SPPG        ,0.9974,,Empty Name
12001,,66.0,SPPG        ,SPPG        ,1.0091,,Empty Name
12002,,66.0,SPPG        ,SPPG        ,1.0083,,Empty Name
12003,,66.0,SPPG        ,SPPG        ,1.0083,,Empty Name
12004,,66.0,SPPG        ,SPPG        ,1.0081,,Empty Name
12005,,66.0,SPPG        ,SPPG        ,1.0081,,Empty Name
12007,,66.0,SPPG        ,SPPG        ,1.0083,,Empty Name
12008,,66.0,SPPG        ,SPPG        ,1.0085,,Empty Name
12010,,66.0,SPPG        ,SPPG        ,1.0086,,Empty Name
12101,,66.0,SPPG        ,SPPG        ,1.0039,,Empty Name
12105,,66.0,SPPG        ,SPPG        ,0.9960,,Empty Name
12106,,66.0,SPPG        ,SPPG        ,1.0030,,Empty Name
12107,,66.0,SPPG        ,SPPG        ,1.0029,,Empty Name
12108,,66.0,SPPG        ,SPPG        ,1.0038,,Empty Name
12111,,66.0,SPPG        ,SPPG        ,0.9901,,Empty Name
12121,,66.0,SPPG        ,SPPG        ,1.0037,,Empty Name
12201,,66.0,SPPG        ,SPPG        ,0.9987,,Empty Name
12202,,66.0,SPPG        ,SPPG        ,0.9911,,Empty Name
12203,,66.0,SPPG        ,SPPG        ,0.9905,,Empty Name
12204,,66.0,SPPG        ,SPPG        ,0.9984,,Empty Name
12205,,66.0,SPPG        ,SPPG        ,0.9964,,Empty Name
12206,,66.0,SPPG        ,SPPG        ,0.9911,,Empty Name
12207,,66.0,SPPG        ,SPPG        ,0.9974,,Empty Name
12208,,66.0,SPPG        ,SPPG        ,0.9987,,Empty Name
12210,,66.0,SPPG        ,SPPG        ,0.9911,,Empty Name
12212,,66.0,SPPG        ,SPPG        ,1.0000,,Empty Name
12213,,66.0,SPPG        ,SPPG        ,0.9972,,Empty Name
12214,,66.0,SPPG        ,SPPG        ,0.9972,,Empty Name
12215,,66.0,SPPG        ,SPPG        ,0.9986,,Empty Name
12216,,66.0,SPPG        ,SPPG        ,0.9959,,Empty Name
12501,,66.0,SPPG        ,SPPG        ,0.9915,,Empty Name
12502,,66.0,SPPG        ,SPPG        ,0.9912,,Empty Name
12503,,66.0,SPPG        ,SPPG        ,0.9914,,Empty Name
12504,,66.0,SPPG        ,SPPG        ,0.9914,,Empty Name
12505,,66.0,SPPG        ,SPPG        ,0.9911,,Empty Name
12507,,66.0,SPPG        ,SPPG        ,0.9912,,Empty Name
12509,,66.0,SPPG        ,SPPG        ,0.9904,,Empty Name
12601,,66.0,SPPG        ,SPPG        ,0.9890,,Empty Name
12602,,66.0,SPPG        ,SPPG        ,0.9864,,Empty Name
12603,,66.0,SPPG        ,SPPG        ,0.9838,,Empty Name
12606,,66.0,SPPG        ,SPPG        ,0.9861,,Empty Name
12610,,66.0,SPPG        ,SPPG        ,0.9881,,Empty Name
13001,,66.0,SPPG        ,SPPG        ,0.9939,,Empty Name
13003,,66.0,SPPG        ,SPPG        ,0.9898,,Empty Name
13004,,66.0,SPPG        ,SPPG        ,0.9892,,Empty Name
13005,,66.0,SPPG        ,SPPG        ,0.9903,,Empty Name
13301,,66.0,SPPG        ,SPPG        ,0.9899,,Empty Name
13302,,66.0,SPPG        ,SPPG        ,0.9870,,Empty Name
13304,,66.0,SPPG        ,SPPG        ,0.9891,,Empty Name
13306,,66.0,SPPG        ,SPPG        ,0.9890,,Empty Name
13307,,66.0,SPPG        ,SPPG        ,0.9891,,Empty Name
13309,,66.0,SPPG        ,SPPG        ,0.9865,,Empty Name
20708,,66.0,SPPG        ,SPPG        ,1.0031,,Empty Name
30708,,66.0,SPPG        ,SPPG        ,1.0011,,Empty Name
40112,,66.0,SPPG        ,SPPG        ,0.9959,,Empty Name
40202,,66.0,SPPG        ,SPPG        ,0.9976,,Empty Name
40301,,66.0,SPPG        ,SPPG        ,1.0101,,Empty Name
40504,,66.0,SPPG        ,SPPG        ,0.9942,,Empty Name
40505,,66.0,SPPG        ,SPPG        ,1.0000,,Empty Name
40510,,66.0,SPPG        ,SPPG        ,0.9954,,Empty Name
40605,,66.0,SPPG        ,SPPG        ,0.9912,,Empty Name
40706,,66.0,SPPG        ,SPPG        ,0.9947,,Empty Name
40807,,66.0,SPPG        ,SPPG        ,1.0059,,Empty Name
40808,,66.0,SPPG        ,SPPG        ,1.0053,,Empty Name
41011,,66.0,SPPG        ,SPPG        ,1.0089,,Empty Name
41104,,66.0,SPPG        ,SPPG        ,1.0105,,Empty Name
41206,,66.0,SPPG        ,SPPG        ,1.0105,,Empty Name
41309,,66.0,SPPG        ,SPPG        ,1.0039,,Empty Name
41310,,66.0,SPPG        ,SPPG        ,1.0039,,Empty Name
41404,,66.0,SPPG        ,SPPG        ,0.9996,,Empty Name
41405,,66.0,SPPG        ,SPPG        ,1.0046,,Empty Name
41408,,66.0,SPPG        ,SPPG        ,0.9996,,Empty Name
41602,,66.0,SPPG        ,SPPG        ,0.9903,,Empty Name
41603,,66.0,SPPG        ,SPPG        ,1.0053,,Empty Name
41701,,66.0,SPPG        ,SPPG        ,0.9949,,Empty Name
41801,,66.0,SPPG        ,SPPG        ,1.0000,,Empty Name
42101,,66.0,SPPG        ,SPPG        ,0.9914,,Empty Name
42105,,66.0,SPPG        ,SPPG        ,0.9896,,Empty Name
42205,,66.0,SPPG        ,SPPG        ,1.0000,,Empty Name
42216,,66.0,SPPG        ,SPPG        ,0.9880,,Empty Name
42601,,66.0,SPPG        ,SPPG        ,1.0004,,Empty Name
42606,,66.0,SPPG        ,SPPG        ,1.0029,,Empty Name
43003,,66.0,SPPG        ,SPPG        ,0.9780,,Empty Name
43004,,66.0,SPPG        ,SPPG        ,1.0059,,Empty Name
43301,,66.0,SPPG        ,SPPG        ,1.0051,,Empty Name
50301,,66.0,SPPG        ,SPPG        ,1.0101,,Empty Name
50505,,66.0,SPPG        ,SPPG        ,1.0000,,Empty Name
50706,,66.0,SPPG        ,SPPG        ,0.9948,,Empty Name
51104,,66.0,SPPG        ,SPPG        ,1.0105,,Empty Name
51310,,66.0,SPPG        ,SPPG        ,1.0040,,Empty Name
51603,,66.0,SPPG        ,SPPG        ,0.9870,,Empty Name
51701,,66.0,SPPG        ,SPPG        ,0.9922,,Empty Name
51801,,66.0,SPPG        ,SPPG        ,1.0051,,Empty Name
52101,,66.0,SPPG        ,SPPG        ,0.9914,,Empty Name
52105,,66.0,SPPG        ,SPPG        ,0.9896,,Empty Name
52606,,66.0,SPPG        ,SPPG        ,1.0101,,Empty Name
53003,,66.0,SPPG        ,SPPG        ,0.9967,,Empty Name
53301,,66.0,SPPG        ,SPPG        ,1.0051,,Empty Name
61603,,66.0,SPPG        ,SPPG        ,1.0000,,Empty Name
61801,,66.0,SPPG        ,SPPG        ,1.0032,,Empty Name
62606,,66.0,SPPG        ,SPPG        ,1.0101,,Empty Name
63301,,66.0,SPPG        ,SPPG        ,1.0000,,Empty Name
12112,,132.0,SPPG        ,SPPG        ,1.0032,,Empty Name
97160,ASTM132,132.0,TNB         ,JOHOR       ,1.0289,ASTM,Potentially Linkable
174125,GNTG132_T1,132.0,TNB         ,WPKL        ,1.0322,GNTG,Generator Terminal
61138,GRNPV132,132.0,TNB         ,P PINANG    ,1.0251,GRNPV,Potentially Linkable
96167,JSNPV132R,132.0,TNB         ,MELAKA      ,1.0161,JSNPV,Potentially Linkable
1962,KHTE132,132.0,TNB         ,P PINANG    ,1.0000,KHTE,Potentially Linkable
163131,LMTMFIC,132.0,TNB         ,PERAK       ,1.0199,LMTMFIC,Temporary/Fictitious
62146,MWTA132,132.0,TNB         ,P PINANG    ,1.0124,MWTA,Potentially Linkable
562146,MWTA132R,132.0,TNB         ,P PINANG    ,1.0127,MWTA,Potentially Linkable
1960,NURG132,132.0,TNB         ,KEDAH       ,1.0247,NURG,Generator Terminal
74165,RLCC,132.0,TNB         ,PAHANG      ,1.0344,RLCC,Potentially Linkable
106,SDAOFIC,132.0,TNB         ,PERLIS      ,1.0229,SDAOFIC,Temporary/Fictitious
151044,SGL-T1,132.0,TNB         ,SELANGOR    ,1.0326,SGL,Generator Terminal
251044,SGL-T2,132.0,TNB         ,SELANGOR    ,1.0326,SGL,Generator Terminal
74157,TAGP132,132.0,TNB         ,PAHANG      ,1.0285,TAGP,Potentially Linkable
174157,TAGP132T,132.0,TNB         ,PAHANG      ,1.0285,TAGP,Potentially Linkable
12302,,230.0,SPPG        ,SPPG        ,1.0172,,Empty Name
12303,,230.0,SPPG        ,SPPG        ,1.0179,,Empty Name
12306,,230.0,SPPG        ,SPPG        ,1.0093,,Empty Name
12307,,230.0,SPPG        ,SPPG        ,1.0107,,Empty Name
12308,,230.0,SPPG        ,SPPG        ,0.9940,,Empty Name
12311,,230.0,SPPG        ,SPPG        ,0.9955,,Empty Name
12313,,230.0,SPPG        ,SPPG        ,0.9979,,Empty Name
12314,,230.0,SPPG        ,SPPG        ,1.0093,,Empty Name
12315,,230.0,SPPG        ,SPPG        ,0.9965,,Empty Name
12316,,230.0,SPPG        ,SPPG        ,1.0144,,Empty Name
12317,,230.0,SPPG        ,SPPG        ,0.9959,,Empty Name
12318,,230.0,SPPG        ,SPPG        ,1.0168,,Empty Name
12319,,230.0,SPPG        ,SPPG        ,1.0080,,Empty Name
12320,,230.0,SPPG        ,SPPG        ,1.0195,,Empty Name
12321,,230.0,SPPG        ,SPPG        ,1.0081,,Empty Name
12323,,230.0,SPPG        ,SPPG        ,1.0082,,Empty Name
12324,,230.0,SPPG        ,SPPG        ,1.0131,,Empty Name
12325,,230.0,SPPG        ,SPPG        ,1.0132,,Empty Name
12326,,230.0,SPPG        ,SPPG        ,1.0180,,Empty Name
12330,,230.0,SPPG        ,SPPG        ,0.9957,,Empty Name
12332,,230.0,SPPG        ,SPPG        ,1.0131,,Empty Name
12333,,230.0,SPPG        ,SPPG        ,1.0131,,Empty Name
12334,,230.0,SPPG        ,SPPG        ,1.0132,,Empty Name
12340,,230.0,SPPG        ,SPPG        ,1.0109,,Empty Name
12387,,230.0,SPPG        ,SPPG        ,1.0133,,Empty Name
12399,,230.0,SPPG        ,SPPG        ,1.0142,,Empty Name
42301,,230.0,SPPG        ,SPPG        ,1.0055,,Empty Name
42305,,230.0,SPPG        ,SPPG        ,0.9966,,Empty Name
42308,,230.0,SPPG        ,SPPG        ,1.0195,,Empty Name
42311,,230.0,SPPG        ,SPPG        ,1.0180,,Empty Name
42313,,230.0,SPPG        ,SPPG        ,1.0083,,Empty Name
42318,,230.0,SPPG        ,SPPG        ,1.0194,,Empty Name
42321,,230.0,SPPG        ,SPPG        ,1.0134,,Empty Name
52308,,230.0,SPPG        ,SPPG        ,1.0195,,Empty Name
52311,,230.0,SPPG        ,SPPG        ,1.0000,,Empty Name
52321,,230.0,SPPG        ,SPPG        ,1.0135,,Empty Name
62305,,230.0,SPPG        ,SPPG        ,0.9966,,Empty Name
62307,,230.0,SPPG        ,SPPG        ,1.0109,,Empty Name
62321,,230.0,SPPG        ,SPPG        ,1.0134,,Empty Name
72304,,230.0,SPPG        ,SPPG        ,1.0051,,Empty Name
72307,,230.0,SPPG        ,SPPG        ,1.0109,,Empty Name
72310,,230.0,SPPG        ,SPPG        ,0.9964,,Empty Name
72318,,230.0,SPPG        ,SPPG        ,1.0194,,Empty Name
72322,,230.0,SPPG        ,SPPG        ,1.0058,,Empty Name
82301,,230.0,SPPG        ,SPPG        ,1.0055,,Empty Name
82304,,230.0,SPPG        ,SPPG        ,1.0000,,Empty Name
82305,,230.0,SPPG        ,SPPG        ,1.0129,,Empty Name
82307,,230.0,SPPG        ,SPPG        ,1.0109,,Empty Name
82310,,230.0,SPPG        ,SPPG        ,0.9964,,Empty Name
82322,,230.0,SPPG        ,SPPG        ,1.0138,,Empty Name
92301,,230.0,SPPG        ,SPPG        ,1.0133,,Empty Name
90682,KNE,230.0,EGAT        ,EGAT        ,1.0000,KNE,Potentially Linkable
90683,KNE_2,230.0,EGAT        ,EGAT        ,1.0000,KNE,Potentially Linkable
163213,ATWRFIC,275.0,TNB         ,PERAK       ,1.0188,ATWRFIC,Temporary/Fictitious
197227,BPHEFIC1,275.0,TNB         ,JOHOR       ,1.0312,BPHEFIC,Temporary/Fictitious
297227,BPHEFIC2,275.0,TNB         ,JOHOR       ,1.0312,BPHEFIC,Temporary/Fictitious
161214,HVDC,275.0,EGAT        ,EGAT        ,1.0344,HVDC,Potentially Linkable
552027,OLPTLHS,275.0,TNB         ,SELANGOR    ,1.0208,OLPTLHS,Potentially Linkable
52027,OLPTRHS,275.0,TNB         ,SELANGOR    ,1.0236,OLPTRHS,Potentially Linkable
3184,PGLAGTB1,275.0,TNB         ,MELAKA      ,1.0312,PGLAGTB,Generator Terminal
3185,PGLAGTB2,275.0,TNB         ,MELAKA      ,1.0312,PGLAGTB,Generator Terminal
3186,PGLASTB3,275.0,TNB         ,MELAKA      ,1.0312,PGLASTB,Potentially Linkable
388208,SRYAFIC1,275.0,TNB         ,WPKL        ,1.0339,SRYAFIC,Temporary/Fictitious
488208,SRYAFIC2,275.0,TNB         ,WPKL        ,1.0339,SRYAFIC,Temporary/Fictitious
2595,TJGSM1A,275.0,TNB         ,NS          ,1.0261,TJGSM,Potentially Linkable
2597,TJGSM1B,275.0,TNB         ,NS          ,1.0261,TJGSM,Potentially Linkable
75209,YPKA275,275.0,TNB         ,TGANU       ,1.0000,YPKA,Potentially Linkable
14005,,400.0,SPPG        ,SPPG        ,1.0155,,Empty Name
14008,,400.0,SPPG        ,SPPG        ,1.0132,,Empty Name
14010,,400.0,SPPG        ,SPPG        ,1.0164,,Empty Name
14013,,400.0,SPPG        ,SPPG        ,1.0161,,Empty Name
14016,,400.0,SPPG        ,SPPG        ,1.0146,,Empty Name
14030,,400.0,SPPG        ,SPPG        ,1.0138,,Empty Name
14032,,400.0,SPPG        ,SPPG        ,1.0160,,Empty Name
44013,,400.0,SPPG        ,SPPG        ,0.9829,,Empty Name
54013,,400.0,SPPG        ,SPPG        ,0.9829,,Empty Name
